id,first_name,last_name,email,gender,ip_address
1,Tamarah,Valentelli,tvalentelli0@newsvine.com,Female,133.146.206.250
2,Adolph,Alenov,aalenov1@biglobe.ne.jp,Male,82.90.176.38
3,Pennie,Singyard,psingyard2@addthis.com,Female,178.53.1.77
4,Cornell,Olpin,colpin3@state.gov,Male,239.169.50.186
5,Tove,McDuffie,tmcduffie4@newyorker.com,Female,126.27.16.213
6,Arabel,Winspur,awinspur5@about.me,Female,45.250.246.121
7,Ian,Hobbing,ihobbing6@china.com.cn,Male,202.183.109.164
8,Kath,Songist,ksongist7@oaic.gov.au,Female,15.31.29.150
9,Margaretha,Barrington,mbarrington8@twitter.com,Bigender,112.243.207.121
10,Claudine,Cluney,ccluney9@chronoengine.com,Female,231.171.177.84
11,Samaria,McPartlin,smcpartlina@paginegialle.it,Female,79.39.34.231
12,Tris,Rollo,trollob@springer.com,Male,0.77.109.132
13,Hoebart,Boyat,hboyatc@prweb.com,Male,239.74.97.182
14,Barnaby,Ormston,bormstond@issuu.com,Male,91.159.91.107
15,Michal,MacElroy,mmacelroye@goodreads.com,Female,238.129.140.15
16,Lind,Trigwell,ltrigwellf@redcross.org,Female,114.42.77.6
17,Oliviero,Tremouille,otremouilleg@google.de,Male,82.240.168.12
18,Guillema,Howman,ghowmanh@mapy.cz,Female,114.28.104.73
19,Veronika,Larham,vlarhami@mayoclinic.com,Female,106.162.13.213
20,Valentin,D'Alessandro,vdalessandroj@wikispaces.com,Male,65.69.50.53
21,Clayborn,Vials,cvialsk@soundcloud.com,Male,196.150.7.120
22,Anstice,Turn,aturnl@yandex.ru,Female,99.55.249.120
23,Aldrich,Riddick,ariddickm@usatoday.com,Male,150.139.201.225
24,Archaimbaud,Killigrew,akilligrewn@intel.com,Male,236.216.88.226
25,Tommy,Di Giacomo,tdigiacomoo@comcast.net,Female,51.177.98.111
26,Stacy,Januszewski,sjanuszewskip@imgur.com,Male,23.85.159.13
27,Gunter,D'Aubney,gdaubneyq@microsoft.com,Male,37.177.137.122
28,Burk,Botger,bbotgerr@huffingtonpost.com,Polygender,161.189.227.18
29,Sheridan,Sutcliff,ssutcliffs@drupal.org,Male,187.33.60.146
30,Irene,Algy,ialgyt@php.net,Female,112.239.100.156
31,Padget,Lebond,plebondu@illinois.edu,Male,239.36.174.9
32,Woodrow,Conradsen,wconradsenv@usa.gov,Male,170.155.171.65
33,Free,Hansana,fhansanaw@feedburner.com,Male,223.161.13.146
34,Paulie,Braitling,pbraitlingx@geocities.com,Male,104.137.63.37
35,Rafaelita,Guirau,rguirauy@irs.gov,Female,9.190.140.16
36,Hannah,Gonsalvo,hgonsalvoz@skype.com,Female,113.158.125.41
37,Sergent,Aitkenhead,saitkenhead10@google.com.au,Male,147.203.50.181
38,Rochelle,Baverstock,rbaverstock11@tuttocitta.it,Female,241.255.165.245
39,Linnet,Pacitti,lpacitti12@sbwire.com,Female,118.219.54.139
40,Gav,Warrior,gwarrior13@webnode.com,Male,73.172.115.132
41,Jorrie,Bucktharp,jbucktharp14@ox.ac.uk,Female,155.38.146.195
42,Mab,Ruggieri,mruggieri15@theglobeandmail.com,Female,32.222.200.44
43,Bellina,Lyfield,blyfield16@newyorker.com,Female,140.155.45.202
44,Trescha,Sizland,tsizland17@alibaba.com,Female,38.204.5.210
45,Zia,Metcalf,zmetcalf18@booking.com,Female,253.191.6.0
46,Petunia,Eringey,peringey19@sakura.ne.jp,Female,183.202.183.82
47,Orelia,Drakard,odrakard1a@mapquest.com,Female,230.49.76.195
48,Sibylla,Mattevi,smattevi1b@cbsnews.com,Female,3.148.0.229
49,Gwenora,Aggott,gaggott1c@auda.org.au,Female,229.116.253.175
50,Morie,Kem,mkem1d@pbs.org,Agender,199.162.16.101
51,Moria,MacClenan,mmacclenan1e@odnoklassniki.ru,Female,151.1.215.192
52,Kristel,Alekhov,kalekhov1f@mail.ru,Female,24.180.218.116
53,Denver,Puckrin,dpuckrin1g@weibo.com,Genderfluid,111.20.239.45
54,Winnah,Huckin,whuckin1h@google.pl,Female,132.93.142.73
55,Willie,Flieg,wflieg1i@flavors.me,Genderqueer,196.181.187.96
56,Corny,Lambrook,clambrook1j@github.com,Male,84.184.127.131
57,Anstice,Bome,abome1k@wiley.com,Female,63.53.86.40
58,Sibyl,Wimmer,swimmer1l@is.gd,Genderqueer,224.144.207.101
59,Cathrin,Allmark,callmark1m@census.gov,Female,56.198.133.223
60,Jarrett,Fer,jfer1n@g.co,Male,122.6.248.249
61,Jeffry,Mordon,jmordon1o@blogs.com,Male,163.10.93.131
62,Eberhard,McKeowon,emckeowon1p@goo.gl,Male,15.162.68.41
63,Arielle,Wooffinden,awooffinden1q@hibu.com,Female,126.215.14.209
64,Breanne,Stayte,bstayte1r@godaddy.com,Female,150.17.80.47
65,Cheryl,Garnul,cgarnul1s@comsenz.com,Female,15.224.160.28
66,Olivia,McSwan,omcswan1t@about.com,Female,47.230.194.21
67,Franchot,Scahill,fscahill1u@ow.ly,Male,228.199.192.209
68,Correna,Eaken,ceaken1v@zdnet.com,Female,172.194.88.45
69,Kasper,Seaborn,kseaborn1w@wix.com,Male,10.134.67.153
70,Isabelita,Penhalurick,ipenhalurick1x@cmu.edu,Female,35.218.83.206
71,Regen,Wimsett,rwimsett1y@zimbio.com,Male,179.231.93.147
72,Maryjo,Corgenvin,mcorgenvin1z@moonfruit.com,Female,172.54.233.213
73,Albertina,Fleg,afleg20@irs.gov,Female,165.226.19.208
74,Guss,Benmore,gbenmore21@mediafire.com,Male,39.179.26.156
75,Crosby,Carlo,ccarlo22@yellowbook.com,Male,26.66.68.55
76,See,Senn,ssenn23@cbc.ca,Male,220.172.49.195
77,Caresa,Rigbye,crigbye24@ucoz.com,Female,65.115.204.235
78,Astrix,Aloigi,aaloigi25@theglobeandmail.com,Female,110.250.110.242
79,Gard,Wraight,gwraight26@360.cn,Male,223.94.114.208
80,Edith,Redmile,eredmile27@pen.io,Female,102.3.82.124
81,Michaelina,Kobpac,mkobpac28@sphinn.com,Female,221.141.240.233
82,Brigitta,Poundesford,bpoundesford29@nyu.edu,Non-binary,46.160.17.128
83,Jessey,Firth,jfirth2a@ox.ac.uk,Male,157.36.209.51
84,Nils,Licciardi,nlicciardi2b@smh.com.au,Male,52.161.106.95
85,Dionis,Rolfini,drolfini2c@examiner.com,Female,97.184.228.161
86,Nilson,Houten,nhouten2d@pinterest.com,Male,3.117.214.84
87,Fabian,Pantridge,fpantridge2e@sourceforge.net,Male,172.156.14.251
88,Sande,Droghan,sdroghan2f@twitter.com,Female,58.70.2.227
89,Arden,Brooker,abrooker2g@blinklist.com,Female,46.42.164.214
90,Oswald,Sabban,osabban2h@cbc.ca,Male,220.51.95.93
91,Vera,Duesbury,vduesbury2i@ifeng.com,Non-binary,68.73.138.170
92,Felicio,Escofier,fescofier2j@google.ru,Male,183.23.112.192
93,Sampson,Nacey,snacey2k@newsvine.com,Male,176.47.235.68
94,Loy,Reasun,lreasun2l@studiopress.com,Male,10.191.31.16
95,Hortensia,Chant,hchant2m@plala.or.jp,Female,138.20.53.61
96,Jacinda,Roll,jroll2n@gizmodo.com,Female,172.109.62.51
97,Philippa,Restieaux,prestieaux2o@ovh.net,Female,27.8.137.89
98,Jessica,Fleeman,jfleeman2p@msu.edu,Female,19.137.79.205
99,Caressa,Garner,cgarner2q@scribd.com,Female,164.172.181.249
100,Karlyn,Hourihan,khourihan2r@un.org,Female,45.200.1.10
101,Analiese,Swithenby,aswithenby2s@intel.com,Female,187.58.4.90
102,Lucita,Richley,lrichley2t@washingtonpost.com,Female,208.209.20.118
103,Tate,McVanamy,tmcvanamy2u@moonfruit.com,Female,150.154.50.113
104,Janene,Sprull,jsprull2v@nsw.gov.au,Female,17.202.251.246
105,Duncan,McLarty,dmclarty2w@chron.com,Male,180.63.146.36
106,Marrilee,Rosthorn,mrosthorn2x@linkedin.com,Female,225.141.183.68
107,Dawna,Kasper,dkasper2y@newyorker.com,Female,96.234.189.18
108,Dani,Bruyett,dbruyett2z@lulu.com,Female,166.226.225.205
109,Daryl,Lexa,dlexa30@netscape.com,Female,235.249.84.172
110,Ronald,Goldby,rgoldby31@bing.com,Male,181.38.105.205
111,Kenna,Baton,kbaton32@soundcloud.com,Female,237.59.155.43
112,Adore,Reddings,areddings33@desdev.cn,Female,243.7.21.178
113,Brynne,Smooth,bsmooth34@google.it,Female,127.79.1.153
114,Veronike,Climson,vclimson35@nydailynews.com,Female,115.161.161.168
115,Mose,Demead,mdemead36@marriott.com,Male,244.192.240.72
116,Waylen,Casemore,wcasemore37@ca.gov,Male,31.203.87.241
117,Felice,Beddis,fbeddis38@wp.com,Male,163.255.216.124
118,Luce,Brockington,lbrockington39@house.gov,Female,74.82.216.80
119,Antonio,Ruck,aruck3a@usgs.gov,Genderqueer,8.135.56.123
120,Noni,Corben,ncorben3b@shutterfly.com,Female,77.73.37.205
121,Eadmund,Lingard,elingard3c@blog.com,Male,136.137.104.253
122,Olenolin,Boddymead,oboddymead3d@epa.gov,Male,210.207.10.35
123,Yvon,Killingbeck,ykillingbeck3e@yelp.com,Male,197.67.11.71
124,Blinni,Boseley,bboseley3f@independent.co.uk,Female,24.232.116.196
125,Dolli,Nobbs,dnobbs3g@epa.gov,Female,70.14.142.162
126,Osbourn,Ashcroft,oashcroft3h@thetimes.co.uk,Male,214.19.229.193
127,Helli,Sitford,hsitford3i@businesswire.com,Female,126.108.87.158
128,Kalinda,Petasch,kpetasch3j@1688.com,Female,129.246.17.144
129,Jon,Staries,jstaries3k@jalbum.net,Male,166.98.137.142
130,Ezra,Trigwell,etrigwell3l@umn.edu,Male,114.53.113.0
131,Cherri,Craig,ccraig3m@soundcloud.com,Female,208.228.42.214
132,Klement,Danniel,kdanniel3n@arstechnica.com,Male,137.171.51.42
133,Eldin,Pittoli,epittoli3o@hhs.gov,Male,197.124.90.106
134,Shirlene,Johnston,sjohnston3p@imdb.com,Female,38.192.18.46
135,Adriaens,Tournay,atournay3q@amazon.co.uk,Female,50.84.87.165
136,Tony,Hought,thought3r@mail.ru,Male,137.96.29.203
137,Euell,Kike,ekike3s@aol.com,Male,1.99.69.37
138,Conni,Lowre,clowre3t@google.ca,Female,223.63.47.1
139,Sallyann,Dran,sdran3u@indiegogo.com,Female,115.185.164.171
140,Michail,Balma,mbalma3v@wufoo.com,Male,118.65.48.171
141,Chaunce,Lippingwell,clippingwell3w@wsj.com,Male,158.94.201.159
142,Poppy,Feek,pfeek3x@google.co.jp,Female,69.67.137.24
143,Tobe,Alp,talp3y@deliciousdays.com,Female,234.102.117.230
144,Meggi,Mullan,mmullan3z@posterous.com,Female,166.164.75.206
145,Alfredo,Matityahu,amatityahu40@businesswire.com,Male,40.95.23.217
146,Sydney,Kemmer,skemmer41@disqus.com,Male,214.156.35.245
147,Aurora,Gamble,agamble42@hatena.ne.jp,Female,32.11.209.145
148,Dorelle,Auton,dauton43@twitpic.com,Female,94.214.49.20
149,Roxy,Bittlestone,rbittlestone44@cdc.gov,Female,2.97.181.69
150,Gilda,Alred,galred45@shutterfly.com,Female,30.95.200.34
151,Hodge,Butland,hbutland46@canalblog.com,Male,9.192.120.49
152,Cati,Antonikov,cantonikov47@chronoengine.com,Female,126.114.191.242
153,Niall,Karet,nkaret48@nsw.gov.au,Male,198.135.131.123
154,Lucien,Gajownik,lgajownik49@vistaprint.com,Male,113.244.48.131
155,Kathlin,Hackworth,khackworth4a@springer.com,Female,167.183.1.60
156,Lannie,Hawtrey,lhawtrey4b@webmd.com,Genderqueer,229.152.244.20
157,Rosemaria,Stancliffe,rstancliffe4c@lycos.com,Female,21.250.82.126
158,Collen,Farquharson,cfarquharson4d@fc2.com,Female,231.152.140.34
159,Aurlie,Sivyour,asivyour4e@oakley.com,Female,154.87.162.180
160,Margarethe,Lardnar,mlardnar4f@cloudflare.com,Female,27.220.218.237
161,Daron,Bee,dbee4g@economist.com,Female,247.188.182.120
162,Marj,Rickis,mrickis4h@bloglines.com,Female,52.97.253.63
163,Markos,Stephens,mstephens4i@liveinternet.ru,Polygender,181.251.111.100
164,Selby,Belcham,sbelcham4j@yelp.com,Male,191.113.116.181
165,Taffy,Nudds,tnudds4k@nih.gov,Female,129.158.53.195
166,Lory,Pasek,lpasek4l@theglobeandmail.com,Genderqueer,248.230.81.67
167,Heindrick,Dole,hdole4m@photobucket.com,Male,39.217.183.23
168,Davis,Palmby,dpalmby4n@pinterest.com,Male,141.88.44.138
169,Cathlene,Krug,ckrug4o@dyndns.org,Female,255.8.54.57
170,Winni,Brandes,wbrandes4p@rakuten.co.jp,Female,67.217.111.133
171,Paton,Chomicz,pchomicz4q@mit.edu,Male,235.188.198.96
172,Gertie,Stegers,gstegers4r@slideshare.net,Female,208.100.103.245
173,Portia,Featherstone,pfeatherstone4s@wsj.com,Female,177.182.122.145
174,Saba,Rack,srack4t@admin.ch,Female,162.164.118.213
175,Ame,Hillyatt,ahillyatt4u@ocn.ne.jp,Female,13.132.127.224
176,Berni,Grieve,bgrieve4v@google.com.au,Polygender,50.246.243.155
177,Vonny,Hares,vhares4w@1688.com,Female,233.148.86.49
178,Flore,Letterese,fletterese4x@hc360.com,Female,171.252.128.97
179,Garwood,Pestell,gpestell4y@smh.com.au,Male,184.144.196.112
180,Cal,Rodenburg,crodenburg4z@symantec.com,Female,188.14.34.162
181,Nessie,Vasyukhichev,nvasyukhichev50@bluehost.com,Female,88.191.170.37
182,Dorella,Beneze,dbeneze51@google.com.hk,Female,192.164.16.11
183,Wendye,O'Dowd,wodowd52@list-manage.com,Female,76.99.42.125
184,Adriane,Antoniazzi,aantoniazzi53@lulu.com,Female,179.161.19.32
185,Elladine,Briztman,ebriztman54@moonfruit.com,Agender,14.29.74.165
186,Marten,Fenimore,mfenimore55@virginia.edu,Male,190.44.91.218
187,Garek,Basey,gbasey56@loc.gov,Non-binary,175.207.169.21
188,Byron,Calverley,bcalverley57@homestead.com,Male,216.52.221.60
189,Rasia,Hughlin,rhughlin58@hubpages.com,Bigender,62.143.32.252
190,Kirsteni,Wayon,kwayon59@smh.com.au,Female,5.94.189.23
191,Patton,Beckett,pbeckett5a@sciencedaily.com,Male,186.29.222.206
192,Ivor,Gunter,igunter5b@sbwire.com,Male,241.99.76.110
193,Kariotta,Spragg,kspragg5c@miibeian.gov.cn,Female,39.51.90.57
194,Berti,Polley,bpolley5d@merriam-webster.com,Genderfluid,57.172.195.197
195,Sarajane,Morratt,smorratt5e@webs.com,Female,175.26.184.202
196,Bren,Ende,bende5f@google.com.hk,Genderfluid,30.0.71.41
197,Johnette,Peach,jpeach5g@unesco.org,Female,133.252.250.145
198,Kylila,Eakly,keakly5h@unc.edu,Female,145.208.177.6
199,Frankie,Fri,ffri5i@imgur.com,Female,233.23.146.197
200,Abbie,Wylie,awylie5j@tumblr.com,Male,61.136.236.148
201,Shelia,Caunt,scaunt5k@wix.com,Female,21.116.2.6
202,Darbee,Dureden,ddureden5l@mail.ru,Male,240.48.67.62
203,Sigmund,Brewse,sbrewse5m@ezinearticles.com,Male,141.105.50.247
204,Dotty,Brasner,dbrasner5n@webs.com,Female,125.178.73.64
205,Filip,Turville,fturville5o@wp.com,Male,150.36.60.147
206,Dennie,Berkelay,dberkelay5p@cbsnews.com,Female,72.90.5.154
207,Katya,Santon,ksanton5q@joomla.org,Female,117.98.51.66
208,Flin,Escale,fescale5r@technorati.com,Male,176.87.247.119
209,Conan,Divisek,cdivisek5s@example.com,Male,191.117.137.168
210,Nonie,Burgess,nburgess5t@reuters.com,Female,29.223.238.132
211,Tadio,Mollin,tmollin5u@nsw.gov.au,Male,97.242.129.100
212,Joy,Heppenspall,jheppenspall5v@abc.net.au,Female,88.189.98.200
213,Marta,Trime,mtrime5w@noaa.gov,Female,182.14.20.108
214,Enrique,Tatchell,etatchell5x@loc.gov,Male,236.241.43.185
215,Ashlen,Rossin,arossin5y@shop-pro.jp,Female,61.85.245.73
216,Gerti,Paniman,gpaniman5z@tinyurl.com,Genderfluid,239.1.201.234
217,Cherye,Tapsell,ctapsell60@mac.com,Bigender,196.74.221.156
218,Pepita,Perrinchief,pperrinchief61@uol.com.br,Female,106.166.202.189
219,Prue,Parsley,pparsley62@mapquest.com,Female,17.129.247.240
220,Gussie,O'Dyvoie,godyvoie63@odnoklassniki.ru,Female,209.209.228.7
221,Richie,Copnar,rcopnar64@soundcloud.com,Male,22.24.0.191
222,Sher,Pallasch,spallasch65@patch.com,Female,223.68.96.156
223,Bartholomeus,Danielsson,bdanielsson66@miitbeian.gov.cn,Male,155.248.137.61
224,Babara,Dorward,bdorward67@nsw.gov.au,Female,88.59.127.131
225,Thomasin,McGlaughn,tmcglaughn68@addthis.com,Female,15.61.160.49
226,Granville,Broddle,gbroddle69@techcrunch.com,Male,197.39.20.8
227,Tomasine,Broady,tbroady6a@tiny.cc,Female,223.62.64.208
228,Torr,Hartington,thartington6b@deliciousdays.com,Male,220.158.121.191
229,Dirk,Coales,dcoales6c@un.org,Male,91.62.235.132
230,Raff,Celli,rcelli6d@ovh.net,Male,192.55.222.119
231,Bethanne,Lee,blee6e@mlb.com,Female,56.47.152.151
232,Worden,Leaburn,wleaburn6f@baidu.com,Male,118.221.12.212
233,Frazier,Rivard,frivard6g@goo.gl,Male,110.44.237.255
234,Colas,O'Dreain,codreain6h@gravatar.com,Male,175.185.186.96
235,Bellina,Bagenal,bbagenal6i@sourceforge.net,Female,112.59.0.65
236,Sabra,Blenkiron,sblenkiron6j@shareasale.com,Female,117.233.142.238
237,Bogart,Robeiro,brobeiro6k@telegraph.co.uk,Male,3.170.162.47
238,Taddeo,Jedras,tjedras6l@arstechnica.com,Male,150.15.13.48
239,Sylvan,Happs,shapps6m@feedburner.com,Male,248.213.237.126
240,Phyllida,Ternault,pternault6n@sogou.com,Female,208.59.47.54
241,Dru,Chafer,dchafer6o@senate.gov,Male,61.166.185.97
242,Danica,Meany,dmeany6p@youtube.com,Female,29.213.77.106
243,Wendi,Narbett,wnarbett6q@lycos.com,Female,159.200.223.97
244,Cristine,Menego,cmenego6r@nps.gov,Female,163.191.197.77
245,Laurette,Penwell,lpenwell6s@goo.ne.jp,Female,146.30.202.187
246,Johannah,Dameisele,jdameisele6t@nytimes.com,Female,173.114.144.176
247,Shirline,Alwell,salwell6u@gnu.org,Female,207.174.21.237
248,Iain,Martygin,imartygin6v@reference.com,Male,167.245.242.126
249,Gabriellia,Nulty,gnulty6w@hubpages.com,Female,63.57.75.159
250,Reynard,Hearson,rhearson6x@ca.gov,Male,190.202.253.31
251,Darbie,Tebbett,dtebbett6y@independent.co.uk,Female,240.182.38.116
252,Ettie,Slader,eslader6z@wix.com,Female,189.22.68.31
253,Bradford,Vannoort,bvannoort70@sakura.ne.jp,Male,53.205.53.55
254,Carree,Rozalski,crozalski71@latimes.com,Female,59.80.127.110
255,Sigismondo,Arniz,sarniz72@mlb.com,Bigender,22.128.253.196
256,Giorgia,Danilowicz,gdanilowicz73@a8.net,Female,51.96.70.170
257,Pietro,Chauvey,pchauvey74@tmall.com,Male,15.107.75.177
258,Ddene,Windybank,dwindybank75@webs.com,Female,187.227.157.158
259,Vassily,Fosdyke,vfosdyke76@ask.com,Male,213.41.253.190
260,Sheff,Caudwell,scaudwell77@nps.gov,Male,22.240.204.7
261,Locke,Hancke,lhancke78@wp.com,Agender,0.179.100.10
262,Ignatius,Turnbull,iturnbull79@answers.com,Male,79.149.85.105
263,Roberto,Mussington,rmussington7a@geocities.jp,Male,129.44.197.10
264,Annice,Casserly,acasserly7b@shinystat.com,Female,215.137.231.142
265,Robinson,Cazereau,rcazereau7c@independent.co.uk,Male,164.73.136.95
266,Sybyl,Simenot,ssimenot7d@freewebs.com,Female,170.19.171.40
267,Jaquelin,Kelby,jkelby7e@furl.net,Female,237.38.126.160
268,Mollie,Greveson,mgreveson7f@dmoz.org,Female,181.30.199.84
269,Alford,Hadny,ahadny7g@opera.com,Male,171.155.34.31
270,Jedediah,Corbally,jcorbally7h@cdc.gov,Male,14.237.139.188
271,Reginald,Fero,rfero7i@umn.edu,Male,202.40.107.22
272,Lamond,Kluss,lkluss7j@simplemachines.org,Male,198.143.248.31
273,Stacey,Whannel,swhannel7k@360.cn,Non-binary,147.150.62.142
274,Jazmin,Adame,jadame7l@angelfire.com,Female,235.99.230.5
275,Dana,Lanfranconi,dlanfranconi7m@miitbeian.gov.cn,Agender,172.221.201.213
276,Jud,Deeley,jdeeley7n@shop-pro.jp,Non-binary,64.220.66.189
277,Cecilla,Espinoy,cespinoy7o@cbc.ca,Bigender,52.131.195.184
278,Wiley,Carbin,wcarbin7p@nbcnews.com,Male,101.41.247.152
279,Yancey,Howling,yhowling7q@linkedin.com,Male,153.145.20.205
280,Giffer,Kitchaside,gkitchaside7r@e-recht24.de,Male,183.152.38.52
281,Gloriana,Follin,gfollin7s@bizjournals.com,Female,42.139.80.2
282,Amil,Petken,apetken7t@mtv.com,Female,152.5.195.97
283,Terrell,Lenham,tlenham7u@wsj.com,Male,136.249.149.17
284,Keeley,Mottershead,kmottershead7v@simplemachines.org,Female,164.36.166.5
285,Miles,Blazdell,mblazdell7w@constantcontact.com,Male,46.212.131.179
286,Derron,Calbaithe,dcalbaithe7x@stanford.edu,Male,237.45.30.211
287,Tonie,Andrini,tandrini7y@hc360.com,Polygender,169.232.31.41
288,Luisa,Farnworth,lfarnworth7z@wunderground.com,Female,219.22.49.171
289,Emerson,Hauxley,ehauxley80@1und1.de,Male,21.141.244.151
290,Pincas,Drissell,pdrissell81@smh.com.au,Male,82.127.198.63
291,Hedwig,Symington,hsymington82@statcounter.com,Female,14.87.6.131
292,Liz,Bromhead,lbromhead83@unicef.org,Female,3.91.160.50
293,Kerianne,Boniface,kboniface84@accuweather.com,Non-binary,77.68.248.235
294,Kahaleel,Crookall,kcrookall85@cbslocal.com,Male,213.154.109.221
295,Alan,Tyzack,atyzack86@wordpress.org,Male,128.42.174.37
296,Corilla,Somerville,csomerville87@constantcontact.com,Female,172.234.212.99
297,Ermanno,Esler,eesler88@g.co,Genderfluid,164.213.244.210
298,Ugo,Megroff,umegroff89@smh.com.au,Male,216.32.182.23
299,Elonore,Benterman,ebenterman8a@ucoz.ru,Female,117.245.111.58
300,Blondie,Hostan,bhostan8b@bandcamp.com,Female,203.36.66.7
301,Shaine,Leitch,sleitch8c@craigslist.org,Male,65.122.223.28
302,Georgeanna,Snoad,gsnoad8d@flickr.com,Female,11.156.251.195
303,Jules,Kadar,jkadar8e@deviantart.com,Male,196.49.164.253
304,Giustino,Chyuerton,gchyuerton8f@indiegogo.com,Male,226.100.58.65
305,Guilbert,Parris,gparris8g@sfgate.com,Male,38.164.227.13
306,Boote,Tutin,btutin8h@nba.com,Male,207.203.207.177
307,Tiffanie,Dilnot,tdilnot8i@army.mil,Female,6.221.222.211
308,Nataline,Troillet,ntroillet8j@lycos.com,Female,248.22.154.49
309,Gill,Rowbury,growbury8k@jimdo.com,Male,225.40.253.249
310,Fairlie,Shenfish,fshenfish8l@meetup.com,Male,28.205.155.150
311,Lexy,Dowall,ldowall8m@virginia.edu,Female,124.162.151.48
312,Vlad,De Bernardi,vdebernardi8n@parallels.com,Male,207.53.60.114
313,Lana,Littlemore,llittlemore8o@pcworld.com,Female,177.175.32.169
314,Murdock,Mc Elory,mmcelory8p@myspace.com,Male,221.171.250.43
315,Paxton,Worral,pworral8q@jugem.jp,Male,58.96.222.36
316,Persis,Gookey,pgookey8r@nyu.edu,Female,161.84.223.53
317,Sabina,Renney,srenney8s@google.com.au,Female,6.15.232.181
318,Dell,Titterton,dtitterton8t@unicef.org,Female,110.181.110.40
319,Juan,Woolis,jwoolis8u@friendfeed.com,Male,167.123.33.160
320,Cass,Tatton,ctatton8v@uiuc.edu,Male,69.12.103.180
321,Arleta,Pledge,apledge8w@icio.us,Female,27.45.96.188
322,Web,Ecclestone,wecclestone8x@bravesites.com,Male,40.234.134.16
323,Smitty,Cramond,scramond8y@sfgate.com,Male,172.197.182.156
324,Madelin,Ivie,mivie8z@bloomberg.com,Genderqueer,18.172.51.171
325,Ruggiero,Powderham,rpowderham90@bloomberg.com,Male,111.65.21.77
326,Dorri,Goggen,dgoggen91@deliciousdays.com,Female,252.19.178.135
327,Ellswerth,Colin,ecolin92@seesaa.net,Male,94.165.20.118
328,Lanna,Waberer,lwaberer93@cdc.gov,Female,32.5.51.251
329,Jacquelynn,Cunnington,jcunnington94@macromedia.com,Female,118.28.80.61
330,Reid,Guillain,rguillain95@skype.com,Agender,61.55.24.231
331,Bunny,Stirrup,bstirrup96@ovh.net,Female,16.159.141.250
332,Charil,Hewins,chewins97@photobucket.com,Female,18.39.27.52
333,Hilde,Adamec,hadamec98@jiathis.com,Female,210.133.41.85
334,Pierre,Corck,pcorck99@bluehost.com,Male,18.82.84.126
335,Patrizio,McKerton,pmckerton9a@rediff.com,Genderqueer,193.195.69.236
336,Reagan,Cornell,rcornell9b@cafepress.com,Male,14.217.133.146
337,Lory,McNair,lmcnair9c@cnn.com,Female,4.244.38.160
338,Gil,Bayfield,gbayfield9d@ask.com,Male,11.238.157.56
339,Maximilian,Bartolomeoni,mbartolomeoni9e@earthlink.net,Male,242.253.191.151
340,Cris,Southall,csouthall9f@discovery.com,Female,82.62.210.229
341,Kassi,Sandys,ksandys9g@princeton.edu,Female,119.227.177.43
342,Ari,Pullen,apullen9h@msu.edu,Male,216.5.161.241
343,Dolf,Jendrach,djendrach9i@drupal.org,Male,180.174.135.118
344,Weber,Dunnaway,wdunnaway9j@sina.com.cn,Non-binary,131.130.88.97
345,Heidie,Turnock,hturnock9k@lycos.com,Female,112.50.131.209
346,Augy,Hruska,ahruska9l@senate.gov,Male,126.124.4.19
347,Pinchas,Shawdforth,pshawdforth9m@paginegialle.it,Male,28.20.53.233
348,Flinn,Bonicelli,fbonicelli9n@google.cn,Genderfluid,169.58.62.58
349,Jayme,Gilfether,jgilfether9o@gmpg.org,Male,128.183.42.229
350,Andris,Whiscard,awhiscard9p@booking.com,Male,63.139.81.241
351,Arch,Rand,arand9q@census.gov,Male,81.2.56.205
352,Gianni,Allot,gallot9r@shop-pro.jp,Male,160.168.194.168
353,Elias,Few,efew9s@china.com.cn,Male,55.56.103.66
354,Lorain,Sloley,lsloley9t@pen.io,Female,159.31.249.109
355,Georgie,Partridge,gpartridge9u@vimeo.com,Female,166.137.3.88
356,Erasmus,Creasy,ecreasy9v@businessweek.com,Genderfluid,225.151.232.35
357,Winna,Woolmer,wwoolmer9w@slate.com,Female,8.110.143.96
358,Josiah,Iron,jiron9x@gnu.org,Male,32.153.10.20
359,Suzanne,Braunfeld,sbraunfeld9y@epa.gov,Female,201.249.131.47
360,Emilia,Jaze,ejaze9z@unc.edu,Female,167.107.119.79
361,Colman,Pendlenton,cpendlentona0@wsj.com,Male,180.62.101.128
362,Nonie,Dorre,ndorrea1@lulu.com,Female,253.29.229.74
363,Casey,Handrahan,chandrahana2@gizmodo.com,Male,178.163.252.60
364,Adolpho,Lefever,alefevera3@dyndns.org,Male,24.220.4.29
365,Marylin,Herion,mheriona4@hud.gov,Female,7.159.184.67
366,Stafford,Feacham,sfeachama5@earthlink.net,Polygender,188.85.12.43
367,Darrel,Necrews,dnecrewsa6@adobe.com,Male,161.253.187.90
368,Dar,Venmore,dvenmorea7@utexas.edu,Male,133.99.139.107
369,Sashenka,Bignal,sbignala8@yolasite.com,Female,29.153.136.31
370,Minnie,Proger,mprogera9@vistaprint.com,Female,54.143.63.210
371,Conrad,Graeme,cgraemeaa@4shared.com,Male,6.122.159.86
372,Rolando,Brownjohn,rbrownjohnab@furl.net,Male,113.21.216.117
373,Ferd,Lyttle,flyttleac@sourceforge.net,Male,16.254.8.211
374,Ralf,Crutcher,rcrutcherad@wufoo.com,Male,111.230.104.60
375,Orv,Bentley,obentleyae@hc360.com,Genderqueer,115.162.204.102
376,Amerigo,Moulden,amouldenaf@sitemeter.com,Male,157.174.108.179
377,Donavon,Belfrage,dbelfrageag@businessinsider.com,Male,175.126.124.251
378,Dallis,Holson,dholsonah@pbs.org,Male,178.12.114.201
379,Templeton,Gunston,tgunstonai@independent.co.uk,Male,68.162.110.99
380,Garrik,Delamere,gdelamereaj@qq.com,Male,52.79.16.142
381,Tan,MacAiline,tmacailineak@cisco.com,Bigender,104.142.236.65
382,Glenn,Rylance,grylanceal@ibm.com,Male,223.17.223.20
383,Estrella,Widdecombe,ewiddecombeam@hc360.com,Female,17.195.173.108
384,Fiann,Oloshin,foloshinan@yellowbook.com,Female,195.152.136.99
385,Gerti,Schruyer,gschruyerao@hatena.ne.jp,Female,232.160.86.55
386,Lenard,Hame,lhameap@sbwire.com,Agender,61.220.223.74
387,Izzy,Berthon,iberthonaq@skyrock.com,Male,138.24.172.80
388,Romola,Spere,rsperear@engadget.com,Female,185.129.242.173
389,Bertrando,Palfrie,bpalfrieas@gravatar.com,Male,206.160.126.1
390,Shela,Masser,smasserat@bing.com,Female,199.160.252.126
391,Meris,Lamburne,mlamburneau@shop-pro.jp,Female,4.61.47.2
392,Barb,Castillou,bcastillouav@bing.com,Female,141.122.220.240
393,Jefferey,Blazey,jblazeyaw@vkontakte.ru,Male,104.157.208.30
394,Hewett,Schuelcke,hschuelckeax@alexa.com,Male,144.135.113.10
395,Vinni,Fanshaw,vfanshaway@statcounter.com,Female,215.141.15.231
396,Carly,Ibel,cibelaz@stanford.edu,Male,14.165.206.42
397,Sula,Kienzle,skienzleb0@blogtalkradio.com,Female,210.54.164.207
398,Randolf,Cudworth,rcudworthb1@delicious.com,Male,62.161.167.41
399,Teodor,Sinnock,tsinnockb2@1und1.de,Male,198.141.25.39
400,Horatio,McKelloch,hmckellochb3@meetup.com,Male,203.229.240.10
401,Cicely,Scay,cscayb4@time.com,Female,18.199.201.245
402,Alexine,Bell,abellb5@amazon.com,Female,79.117.24.149
403,Muffin,Brunone,mbrunoneb6@howstuffworks.com,Bigender,166.255.168.223
404,Finley,Hourican,fhouricanb7@boston.com,Male,218.88.122.8
405,Leelah,Rangle,lrangleb8@yellowpages.com,Female,110.53.23.162
406,Lynde,Laterza,llaterzab9@123-reg.co.uk,Female,205.220.198.104
407,Dorthy,Beirne,dbeirneba@unicef.org,Female,250.45.167.15
408,Edmund,Shaddick,eshaddickbb@adobe.com,Polygender,202.251.81.22
409,Clarance,Hasard,chasardbc@dagondesign.com,Male,195.246.127.95
410,Ruthann,Williamson,rwilliamsonbd@wikimedia.org,Genderqueer,219.210.57.218
411,Tommy,Sheerin,tsheerinbe@bbc.co.uk,Male,189.25.115.94
412,Nollie,Marcinkus,nmarcinkusbf@purevolume.com,Male,18.126.229.180
413,Patty,Bartrop,pbartropbg@archive.org,Female,160.3.116.166
414,Standford,Dunn,sdunnbh@liveinternet.ru,Agender,184.25.144.216
415,Louise,Mc Carroll,lmccarrollbi@flickr.com,Female,180.104.36.118
416,Huntley,Scarlet,hscarletbj@php.net,Male,49.225.154.14
417,Malcolm,Fermer,mfermerbk@hud.gov,Male,168.168.94.235
418,Elmo,Gallemore,egallemorebl@infoseek.co.jp,Male,191.7.102.131
419,Elyse,Kos,ekosbm@ucoz.ru,Female,208.101.88.175
420,Kylen,Hessay,khessaybn@reference.com,Female,42.189.249.206
421,Malvina,Nardrup,mnardrupbo@usatoday.com,Female,245.158.142.198
422,Noe,Walkinshaw,nwalkinshawbp@nymag.com,Male,86.106.233.193
423,Andrey,Neising,aneisingbq@wp.com,Male,92.111.81.15
424,Rubi,St Pierre,rstpierrebr@apple.com,Female,95.150.66.234
425,Domingo,Pelfer,dpelferbs@soundcloud.com,Male,90.95.226.160
426,Atlanta,Treweela,atreweelabt@squidoo.com,Female,100.54.130.80
427,Stanfield,Hing,shingbu@senate.gov,Male,113.175.226.72
428,Alessandra,Bellow,abellowbv@tinypic.com,Female,91.208.142.253
429,Moria,Harnor,mharnorbw@jigsy.com,Non-binary,81.180.218.0
430,Scotty,Huguet,shuguetbx@baidu.com,Male,134.37.233.220
431,Emory,Northridge,enorthridgeby@people.com.cn,Male,162.168.139.152
432,Doug,Iacoviello,diacoviellobz@ftc.gov,Male,206.155.9.252
433,Bibi,Gateshill,bgateshillc0@last.fm,Female,82.135.229.143
434,Penelope,Cotelard,pcotelardc1@zdnet.com,Female,13.78.93.2
435,Peterus,Astbery,pastberyc2@imgur.com,Male,206.180.201.204
436,Brand,Poluzzi,bpoluzzic3@buzzfeed.com,Male,173.104.236.5
437,Michal,Barrott,mbarrottc4@google.com.hk,Female,63.161.95.184
438,Andrew,Brittlebank,abrittlebankc5@wired.com,Male,36.25.76.214
439,Eveline,Bouskill,ebouskillc6@adobe.com,Female,8.248.220.195
440,Vidovic,O'Grada,vogradac7@de.vu,Polygender,189.125.1.195
441,Godiva,Catherine,gcatherinec8@imageshack.us,Female,235.31.52.11
442,Midge,Accomb,maccombc9@arstechnica.com,Female,10.54.216.224
443,Bertina,Surpliss,bsurplissca@ca.gov,Female,152.230.111.191
444,Gerda,Sapwell,gsapwellcb@typepad.com,Female,205.124.91.166
445,Beatrisa,Frigout,bfrigoutcc@so-net.ne.jp,Female,239.14.175.55
446,Camellia,Moreing,cmoreingcd@smugmug.com,Female,57.223.85.166
447,Karin,Mariel,kmarielce@bing.com,Female,9.112.65.65
448,Evy,Tumbelty,etumbeltycf@creativecommons.org,Agender,42.9.141.23
449,Zacharias,Mowling,zmowlingcg@redcross.org,Male,171.78.99.4
450,Eydie,Plevey,epleveych@godaddy.com,Female,157.121.126.97
451,Carola,Scougal,cscougalci@cargocollective.com,Female,64.210.59.213
452,Zuzana,Bartali,zbartalicj@virginia.edu,Female,30.162.47.187
453,Chrotoem,Cockman,ccockmanck@etsy.com,Male,39.18.175.148
454,Kasper,Burchnall,kburchnallcl@cpanel.net,Male,94.10.90.5
455,Anita,Leguey,alegueycm@scientificamerican.com,Female,199.77.169.191
456,Kirsten,Pletts,kplettscn@kickstarter.com,Female,199.92.32.80
457,Millard,Leap,mleapco@friendfeed.com,Male,223.31.111.88
458,Nevin,Confort,nconfortcp@google.ru,Male,130.132.249.6
459,Kristopher,Bogey,kbogeycq@go.com,Male,241.194.207.34
460,Stephani,Arnecke,sarneckecr@yahoo.co.jp,Female,178.124.209.17
461,Sanson,MacKereth,smackerethcs@netscape.com,Male,119.129.3.186
462,Welch,Cornu,wcornuct@naver.com,Male,169.67.233.54
463,Jessalin,Abelwhite,jabelwhitecu@ox.ac.uk,Female,108.57.155.191
464,Raven,Reach,rreachcv@prweb.com,Genderfluid,251.161.42.100
465,Palmer,Foulser,pfoulsercw@epa.gov,Male,148.107.122.135
466,Troy,Allchorne,tallchornecx@umn.edu,Male,226.151.11.118
467,Cassaundra,Oakeshott,coakeshottcy@paginegialle.it,Female,242.253.78.92
468,Alasdair,Gouthier,agouthiercz@disqus.com,Male,16.66.157.1
469,Theodoric,Perrett,tperrettd0@state.tx.us,Genderqueer,8.129.92.232
470,Elbertine,Pohlke,epohlked1@so-net.ne.jp,Female,60.55.226.68
471,Harlin,Sentance,hsentanced2@craigslist.org,Male,0.201.119.171
472,Wilbur,Daingerfield,wdaingerfieldd3@angelfire.com,Male,72.176.170.234
473,Olenolin,Geibel,ogeibeld4@opera.com,Male,130.98.15.67
474,Mylo,Marczyk,mmarczykd5@trellian.com,Male,89.25.58.134
475,Yale,Mabbott,ymabbottd6@creativecommons.org,Male,28.186.246.30
476,Robb,Klass,rklassd7@cargocollective.com,Male,34.92.193.149
477,Agretha,Isitt,aisittd8@prlog.org,Female,157.44.186.85
478,Benetta,Stainson,bstainsond9@dot.gov,Female,156.54.152.101
479,Myrtice,Randleson,mrandlesonda@disqus.com,Female,62.115.161.216
480,Lewes,Reast,lreastdb@nytimes.com,Male,11.251.5.75
481,Fanchon,Mercey,fmerceydc@sciencedirect.com,Female,72.149.229.35
482,Thibaut,Siemons,tsiemonsdd@godaddy.com,Male,53.56.105.243
483,Forrester,Adelsberg,fadelsbergde@ucoz.com,Male,76.116.76.249
484,Ange,Farish,afarishdf@shutterfly.com,Male,63.53.33.143
485,Modesty,Franciskiewicz,mfranciskiewiczdg@guardian.co.uk,Female,167.38.209.5
486,Teriann,Hale,thaledh@cloudflare.com,Female,13.193.100.117
487,Wenda,Jillings,wjillingsdi@harvard.edu,Female,122.28.62.61
488,Clare,Giannoni,cgiannonidj@soup.io,Male,5.176.48.8
489,Noni,Roller,nrollerdk@fotki.com,Female,89.228.210.90
490,Maxwell,Marcinkus,mmarcinkusdl@t-online.de,Male,155.217.210.192
491,Golda,Dryden,gdrydendm@nyu.edu,Female,61.46.236.251
492,Lydon,Dufaire,ldufairedn@unicef.org,Male,231.145.202.100
493,Stanwood,Ettridge,settridgedo@oracle.com,Male,4.22.255.244
494,Obadiah,Conrath,oconrathdp@joomla.org,Male,89.203.218.188
495,Hesther,Antoniades,hantoniadesdq@washingtonpost.com,Bigender,130.187.198.248
496,Jamal,Farbrother,jfarbrotherdr@phpbb.com,Male,73.123.189.190
497,Ermentrude,Burr,eburrds@xrea.com,Female,119.156.172.211
498,Dasie,Pawlaczyk,dpawlaczykdt@jimdo.com,Female,40.221.227.112
499,Lamond,Scannell,lscannelldu@xrea.com,Male,174.225.216.39
500,Ericha,Gallegos,egallegosdv@jimdo.com,Female,29.215.252.235
501,Marylou,Kensington,mkensingtondw@amazon.co.jp,Female,56.192.214.1
502,Carola,Brimner,cbrimnerdx@unc.edu,Female,225.46.16.212
503,Brier,Mascall,bmascalldy@livejournal.com,Female,197.197.27.34
504,Nickolas,Dunbleton,ndunbletondz@fotki.com,Male,48.128.43.198
505,Joaquin,Klich,jkliche0@godaddy.com,Male,194.172.87.102
506,Tomlin,Gobel,tgobele1@cnn.com,Male,166.243.192.59
507,Irita,Silwood,isilwoode2@vinaora.com,Female,102.100.241.197
508,Griffie,Mattock,gmattocke3@sakura.ne.jp,Male,158.34.225.189
509,Dayle,Stenhouse,dstenhousee4@free.fr,Female,152.30.117.107
510,Gabi,Kay,gkaye5@drupal.org,Genderqueer,7.137.22.174
511,Lurline,Erskin,lerskine6@altervista.org,Female,61.153.149.105
512,Vin,Scrinage,vscrinagee7@phoca.cz,Male,230.147.87.243
513,Zach,Longthorne,zlongthornee8@thetimes.co.uk,Male,105.36.52.82
514,Jenine,Shiels,jshielse9@businesswire.com,Bigender,120.47.69.239
515,Rhea,Triggle,rtriggleea@pagesperso-orange.fr,Female,119.147.202.230
516,Jens,Szymanzyk,jszymanzykeb@theguardian.com,Male,240.140.251.61
517,Dierdre,Gaythor,dgaythorec@biblegateway.com,Female,222.61.53.154
518,Micheline,Grishakin,mgrishakined@omniture.com,Female,106.163.25.81
519,Gordy,Paolazzi,gpaolazziee@constantcontact.com,Male,174.140.63.31
520,Broderic,Meagher,bmeagheref@oracle.com,Male,55.141.132.88
521,Bee,Durnin,bdurnineg@geocities.com,Non-binary,86.107.39.20
522,Sonni,Arnowitz,sarnowitzeh@amazonaws.com,Female,104.32.107.236
523,Klaus,McGannon,kmcgannonei@geocities.com,Male,109.111.201.160
524,Austen,Jorcke,ajorckeej@imageshack.us,Male,118.121.223.252
525,Madelaine,Greenroad,mgreenroadek@vk.com,Female,255.176.228.62
526,Chris,Dun,cdunel@biglobe.ne.jp,Female,120.5.105.110
527,Daron,Butchard,dbutchardem@techcrunch.com,Female,20.164.135.183
528,Myrna,Yablsley,myablsleyen@abc.net.au,Female,44.230.104.172
529,Abra,D'Cruze,adcruzeeo@elegantthemes.com,Female,55.248.215.101
530,Fraser,Jesteco,fjestecoep@oakley.com,Male,203.201.205.84
531,Karlene,Diviny,kdivinyeq@canalblog.com,Female,59.218.102.208
532,Hetti,Darton,hdartoner@linkedin.com,Female,218.23.212.13
533,Dominga,Blanpein,dblanpeines@zimbio.com,Female,149.129.132.12
534,Daron,Napoli,dnapoliet@si.edu,Female,134.236.202.45
535,Hildegaard,O'Fihily,hofihilyeu@biblegateway.com,Polygender,93.252.186.120
536,Diahann,Aisman,daismanev@163.com,Bigender,41.152.234.154
537,Nixie,Sadry,nsadryew@360.cn,Female,191.15.223.81
538,Bette-ann,Merwede,bmerwedeex@mozilla.com,Female,26.124.165.107
539,Patton,Corten,pcorteney@hexun.com,Male,49.134.83.223
540,Rice,Donke,rdonkeez@imdb.com,Male,114.211.140.71
541,Merrel,Chattey,mchatteyf0@list-manage.com,Bigender,109.172.213.206
542,Cymbre,Gerrens,cgerrensf1@gov.uk,Female,225.158.234.228
543,Byram,Pioch,bpiochf2@icio.us,Male,56.151.246.223
544,Anstice,Kebbell,akebbellf3@skype.com,Female,55.109.123.2
545,Anson,Agate,aagatef4@merriam-webster.com,Male,119.46.115.44
546,Orelia,Eldershaw,oeldershawf5@aol.com,Female,206.216.105.21
547,Roz,Lockyear,rlockyearf6@instagram.com,Female,244.26.121.134
548,Amanda,Dechelette,adechelettef7@ihg.com,Female,42.249.255.188
549,Fayette,Greenrodd,fgreenroddf8@ning.com,Non-binary,205.74.54.40
550,Glynda,Kidgell,gkidgellf9@dyndns.org,Female,20.129.181.94
551,Tiena,Dulson,tdulsonfa@comcast.net,Female,57.67.118.235
552,Konstantine,McIlvaney,kmcilvaneyfb@hibu.com,Male,156.205.135.84
553,Pattie,Cadle,pcadlefc@globo.com,Genderfluid,156.227.86.62
554,Eduard,Frowen,efrowenfd@nba.com,Male,137.67.8.81
555,Tabbie,Munks,tmunksfe@homestead.com,Male,199.68.51.106
556,Aura,Beauchamp,abeauchampff@digg.com,Female,18.25.102.247
557,Amie,Schimmang,aschimmangfg@godaddy.com,Female,39.250.233.61
558,Vince,Pfertner,vpfertnerfh@1und1.de,Male,100.180.175.3
559,Antonio,Baise,abaisefi@lulu.com,Male,215.27.107.125
560,Ruthy,Dunge,rdungefj@odnoklassniki.ru,Genderqueer,188.74.184.190
561,Florella,Deave,fdeavefk@symantec.com,Female,48.20.55.5
562,Lexine,Woodus,lwoodusfl@howstuffworks.com,Female,249.153.152.120
563,Denni,Claw,dclawfm@thetimes.co.uk,Female,51.160.137.94
564,Welby,Galland,wgallandfn@flavors.me,Male,89.187.67.121
565,Nelle,Mashal,nmashalfo@unc.edu,Female,72.194.243.111
566,Sawyer,Cultcheth,scultchethfp@toplist.cz,Male,202.50.214.145
567,Cy,Worswick,cworswickfq@google.it,Male,175.145.14.48
568,Michaela,Cornillot,mcornillotfr@springer.com,Female,251.184.148.243
569,Beau,Just,bjustfs@wikipedia.org,Male,0.119.104.195
570,Ebba,Amps,eampsft@prweb.com,Female,192.200.243.106
571,Constantin,Carreyette,ccarreyettefu@microsoft.com,Male,253.238.108.18
572,Nial,St. Aubyn,nstaubynfv@rambler.ru,Male,173.42.220.231
573,Sebastiano,Elcombe,selcombefw@tiny.cc,Male,224.237.24.252
574,Pietra,Lowy,plowyfx@chron.com,Female,169.48.158.220
575,Ramona,Golson,rgolsonfy@nature.com,Genderfluid,158.226.183.38
576,Fenelia,Dewsbury,fdewsburyfz@chron.com,Female,35.67.99.172
577,Hana,Slorance,hsloranceg0@cornell.edu,Female,19.26.212.250
578,Harland,Alldritt,halldrittg1@fda.gov,Male,176.36.35.174
579,Dexter,Mance,dmanceg2@timesonline.co.uk,Male,59.230.210.112
580,Pip,Bascomb,pbascombg3@surveymonkey.com,Male,192.5.185.207
581,Vita,Flinders,vflindersg4@hc360.com,Female,175.116.218.153
582,Irena,Raincin,iraincing5@guardian.co.uk,Female,192.185.47.54
583,Rafaelita,Cannop,rcannopg6@icio.us,Female,84.253.188.91
584,Kearney,Di Matteo,kdimatteog7@techcrunch.com,Male,50.131.17.184
585,Hermina,Walliker,hwallikerg8@fda.gov,Female,12.23.105.87
586,Graeme,Shann,gshanng9@eventbrite.com,Polygender,122.200.29.208
587,Mame,Gumley,mgumleyga@archive.org,Female,10.26.83.197
588,Archie,Dahl,adahlgb@cocolog-nifty.com,Male,122.0.82.97
589,Perri,Oldknowe,poldknowegc@newsvine.com,Female,209.175.158.102
590,Emmanuel,Grissett,egrissettgd@soup.io,Male,51.192.241.43
591,Carina,Kopmann,ckopmannge@craigslist.org,Female,210.139.207.187
592,Analiese,de Merida,ademeridagf@europa.eu,Female,98.194.31.167
593,Derick,Folling,dfollinggg@yale.edu,Male,160.74.175.178
594,Sabra,Monksfield,smonksfieldgh@soup.io,Bigender,239.88.34.107
595,Sarah,Boribal,sboribalgi@harvard.edu,Female,8.36.181.4
596,Faber,Soda,fsodagj@ebay.com,Agender,142.253.138.233
597,Lucky,Mollin,lmollingk@paypal.com,Female,223.135.201.136
598,Albina,Bankes,abankesgl@phoca.cz,Female,110.1.183.58
599,Robbie,Freda,rfredagm@google.com.br,Female,136.251.199.105
600,Ayn,Tyres,atyresgn@dailymotion.com,Female,71.6.156.225
601,Alphonso,Servante,aservantego@de.vu,Non-binary,115.17.94.144
602,Virge,Chetwind,vchetwindgp@123-reg.co.uk,Male,32.249.7.181
603,Chaunce,O'Fallowne,cofallownegq@ustream.tv,Male,113.250.28.78
604,Helen-elizabeth,Davidou,hdavidougr@theglobeandmail.com,Female,48.224.200.27
605,Venus,Human,vhumangs@quantcast.com,Genderfluid,42.165.115.219
606,Gale,Medland,gmedlandgt@addtoany.com,Male,47.161.196.245
607,Janos,Rosebotham,jrosebothamgu@who.int,Male,107.180.248.1
608,Parrnell,Devericks,pdevericksgv@google.com,Male,208.224.45.71
609,Morna,Eatock,meatockgw@histats.com,Female,220.115.112.181
610,Avis,Chesswas,achesswasgx@umn.edu,Female,166.170.136.159
611,Gloriane,Raysdale,graysdalegy@instagram.com,Female,208.227.57.60
612,Ken,Whitmore,kwhitmoregz@squidoo.com,Male,110.211.95.78
613,Ram,Witheridge,rwitheridgeh0@biblegateway.com,Male,204.177.49.75
614,Chicky,Nortunen,cnortunenh1@jiathis.com,Male,58.253.145.114
615,Edik,Dunster,edunsterh2@flickr.com,Male,6.103.38.113
616,Rich,Stygall,rstygallh3@cbsnews.com,Male,36.194.232.0
617,Glendon,Tybalt,gtybalth4@wikimedia.org,Male,73.160.155.58
618,Randolph,Corssen,rcorssenh5@oaic.gov.au,Genderqueer,194.121.228.7
619,Betteanne,Currie,bcurrieh6@chicagotribune.com,Female,224.248.60.237
620,Lou,Joddens,ljoddensh7@skyrock.com,Male,147.244.176.199
621,Jacqui,Tonge,jtongeh8@salon.com,Female,55.116.73.254
622,Ariella,Pavlasek,apavlasekh9@oaic.gov.au,Female,75.82.95.238
623,Xavier,Aguirre,xaguirreha@shutterfly.com,Male,141.16.176.248
624,Nichols,O'Donohue,nodonohuehb@altervista.org,Male,68.115.7.208
625,Rudie,Marner,rmarnerhc@tripadvisor.com,Polygender,163.36.156.122
626,Simmonds,Gostridge,sgostridgehd@tiny.cc,Male,9.196.67.243
627,Jan,Baselli,jbasellihe@harvard.edu,Female,97.208.3.16
628,Korey,Hoggan,khogganhf@instagram.com,Male,217.46.220.199
629,Graham,Larmour,glarmourhg@theglobeandmail.com,Male,10.101.140.98
630,Denny,Clines,dclineshh@a8.net,Female,18.22.41.6
631,Robbi,Airs,rairshi@eventbrite.com,Genderqueer,196.146.45.70
632,Cosmo,Niland,cnilandhj@reference.com,Male,129.160.18.162
633,Oberon,Ferson,ofersonhk@spotify.com,Genderfluid,204.183.176.41
634,Sylas,Frankland,sfranklandhl@forbes.com,Male,127.43.63.247
635,Rod,Coppock.,rcoppockhm@opensource.org,Male,218.154.227.95
636,Aggie,Beavis,abeavishn@utexas.edu,Female,211.53.0.203
637,Myron,Trighton,mtrightonho@craigslist.org,Male,137.77.92.227
638,Sib,Pudner,spudnerhp@instagram.com,Female,129.217.38.225
639,Noellyn,Pluvier,npluvierhq@studiopress.com,Female,52.254.253.45
640,Rozanna,Gino,rginohr@mtv.com,Female,129.5.10.2
641,Nancie,Kilbride,nkilbridehs@harvard.edu,Female,158.153.100.237
642,Witty,Leacock,wleacockht@pbs.org,Male,56.200.240.189
643,Alexina,Spavon,aspavonhu@about.me,Female,227.217.201.101
644,Jeanna,Broxap,jbroxaphv@apache.org,Female,17.116.193.147
645,Pris,Beese,pbeesehw@wiley.com,Female,242.24.78.85
646,Temp,Paddon,tpaddonhx@howstuffworks.com,Male,67.71.48.157
647,Alethea,Klaves,aklaveshy@sphinn.com,Female,196.67.141.191
648,Francene,Boseley,fboseleyhz@e-recht24.de,Female,82.196.196.42
649,Oneida,Finnemore,ofinnemorei0@bbc.co.uk,Female,239.41.136.184
650,Willey,Hearons,whearonsi1@blogspot.com,Male,232.30.130.135
651,Ingar,Choffin,ichoffini2@apple.com,Male,234.133.162.254
652,Izaak,Raftery,irafteryi3@ucoz.com,Male,81.78.62.144
653,Neill,Hallows,nhallowsi4@answers.com,Male,188.124.246.110
654,Ingrim,Duffan,iduffani5@discovery.com,Male,160.115.142.104
655,Fredrick,Gutridge,fgutridgei6@4shared.com,Genderfluid,227.68.196.235
656,Farra,Stainton - Skinn,fstaintonskinni7@dagondesign.com,Female,163.163.92.155
657,Torrin,Crut,tcruti8@amazon.co.jp,Male,61.246.48.176
658,Rafaellle,Brinson,rbrinsoni9@state.tx.us,Male,15.39.29.66
659,Sib,Gumley,sgumleyia@rediff.com,Female,235.80.160.17
660,Cristabel,Johnikin,cjohnikinib@berkeley.edu,Agender,135.38.20.33
661,Meaghan,Baggot,mbaggotic@squarespace.com,Female,17.169.205.8
662,Shem,Dean,sdeanid@blogger.com,Male,103.2.171.246
663,Faustina,Thresh,fthreshie@techcrunch.com,Female,240.211.32.29
664,Iggy,Elphey,ielpheyif@buzzfeed.com,Male,207.89.10.2
665,Jamal,Streather,jstreatherig@woothemes.com,Male,248.184.148.30
666,Spencer,Radband,sradbandih@umn.edu,Genderfluid,42.84.36.242
667,Laureen,Leguay,lleguayii@de.vu,Female,105.42.134.248
668,Graeme,Smallcombe,gsmallcombeij@is.gd,Male,6.88.234.95
669,Carolyne,Castelluzzi,ccastelluzziik@tripadvisor.com,Female,156.104.69.141
670,Roxi,Menci,rmenciil@hostgator.com,Female,195.14.42.32
671,Marje,Andren,mandrenim@baidu.com,Female,201.137.236.171
672,Roseanna,Klaesson,rklaessonin@godaddy.com,Female,165.100.42.170
673,Viviene,Vasic,vvasicio@facebook.com,Female,0.188.229.125
674,Alika,Rofe,arofeip@cloudflare.com,Female,16.19.8.184
675,Nevil,Petracchi,npetracchiiq@usnews.com,Genderqueer,143.72.200.96
676,Marvin,Ervine,mervineir@phoca.cz,Male,50.100.122.50
677,Kellby,Bertome,kbertomeis@cloudflare.com,Male,52.218.197.24
678,Lissi,Kettlesing,lkettlesingit@blogtalkradio.com,Female,45.16.188.109
679,Zak,Ketchaside,zketchasideiu@so-net.ne.jp,Male,65.71.32.115
680,Teddie,Margach,tmargachiv@yellowbook.com,Female,235.196.155.58
681,Amery,Lago,alagoiw@businessinsider.com,Male,119.224.206.67
682,Archibold,Eade,aeadeix@gmpg.org,Male,148.71.167.180
683,Cristi,Capelle,ccapelleiy@wikia.com,Female,82.109.117.234
684,Marco,Caulwell,mcaulwelliz@guardian.co.uk,Male,124.194.146.135
685,Koralle,Dawtry,kdawtryj0@prnewswire.com,Female,66.86.88.9
686,Tripp,Huntar,thuntarj1@digg.com,Male,226.116.120.208
687,Beverlie,Grigoryev,bgrigoryevj2@cnbc.com,Female,107.157.252.128
688,Emmalyn,Argont,eargontj3@ucsd.edu,Female,236.0.120.20
689,Cristie,Twining,ctwiningj4@so-net.ne.jp,Female,185.252.167.24
690,Neville,Haines,nhainesj5@virginia.edu,Male,69.213.98.47
691,Marybeth,Mochan,mmochanj6@digg.com,Bigender,41.101.72.159
692,Yorgo,Loalday,yloaldayj7@drupal.org,Male,164.179.140.23
693,Maitilde,Kisar,mkisarj8@usnews.com,Female,185.144.243.41
694,Frederico,Staziker,fstazikerj9@dion.ne.jp,Male,10.92.119.194
695,Pryce,Coppo,pcoppoja@hao123.com,Male,37.14.201.156
696,Valencia,Pooke,vpookejb@homestead.com,Female,41.243.231.151
697,Nickie,Durrad,ndurradjc@nasa.gov,Female,58.222.57.62
698,Cull,Gillani,cgillanijd@sohu.com,Male,227.137.81.49
699,Neille,Duddan,nduddanje@marketwatch.com,Female,207.75.197.187
700,Allx,Insley,ainsleyjf@businesswire.com,Female,63.68.104.90
701,Gino,Dike,gdikejg@netscape.com,Male,37.75.104.125
702,Dedra,Aucourte,daucourtejh@domainmarket.com,Female,163.183.192.216
703,Vail,Pitrasso,vpitrassoji@weebly.com,Male,29.9.57.125
704,Blondie,Litherland,blitherlandjj@sbwire.com,Female,98.168.188.66
705,Roosevelt,Haskins,rhaskinsjk@baidu.com,Male,142.108.19.208
706,Wynnie,Ollivierre,wollivierrejl@sogou.com,Female,9.88.177.35
707,Audre,Stone,astonejm@alexa.com,Female,41.176.161.148
708,Hannie,Ledgley,hledgleyjn@bigcartel.com,Female,211.88.239.174
709,Germaine,Clemmow,gclemmowjo@exblog.jp,Male,170.160.53.172
710,Virgina,Hinrich,vhinrichjp@prweb.com,Polygender,233.51.64.71
711,Mireielle,Chatelet,mchateletjq@discovery.com,Female,27.145.34.224
712,Shadow,Diprose,sdiprosejr@unblog.fr,Genderfluid,167.35.88.62
713,Jerald,Ivantsov,jivantsovjs@soundcloud.com,Male,77.245.231.148
714,Huntley,Hub,hhubjt@icio.us,Male,168.178.145.85
715,Bethena,Kildea,bkildeaju@mayoclinic.com,Female,198.27.216.227
716,Hiram,Wakefield,hwakefieldjv@umich.edu,Male,251.6.209.37
717,Blaire,Ecclestone,becclestonejw@e-recht24.de,Female,13.145.127.68
718,Tatum,Pavelin,tpavelinjx@elpais.com,Female,168.227.2.98
719,Joellen,Baynon,jbaynonjy@psu.edu,Female,229.56.38.18
720,Alexine,Faussett,afaussettjz@amazon.co.uk,Female,14.211.219.35
721,Phillida,Layus,playusk0@spiegel.de,Female,198.25.105.39
722,Charity,Rebanks,crebanksk1@networksolutions.com,Female,209.0.106.43
723,Darya,Newhouse,dnewhousek2@wikimedia.org,Female,27.107.64.165
724,Dyan,O'Scanlan,doscanlank3@com.com,Female,192.174.188.19
725,Cammi,Somerton,csomertonk4@archive.org,Female,50.55.123.42
726,Alyosha,Lelliott,alelliottk5@loc.gov,Male,123.29.193.13
727,Pip,Bargh,pbarghk6@wordpress.com,Bigender,37.71.55.155
728,Con,Scimoni,cscimonik7@booking.com,Agender,164.105.61.168
729,Zacherie,Rizzone,zrizzonek8@blogger.com,Male,141.50.71.117
730,Ezekiel,Hurtado,ehurtadok9@example.com,Male,100.249.168.166
731,Aila,Oggers,aoggerska@themeforest.net,Female,36.72.59.23
732,Moises,Moneti,mmonetikb@amazon.de,Male,148.8.82.253
733,Harmonia,Oakeby,hoakebykc@webmd.com,Female,17.83.240.30
734,Carlin,Crickmoor,ccrickmoorkd@delicious.com,Male,3.159.74.81
735,Monah,Backler,mbacklerke@wsj.com,Genderfluid,46.141.23.136
736,Ulla,Yansons,uyansonskf@gravatar.com,Female,109.64.199.170
737,Lydon,Daw,ldawkg@shop-pro.jp,Male,51.157.107.202
738,Bride,Gaskal,bgaskalkh@flickr.com,Female,158.88.112.142
739,Frederick,Gallemore,fgallemoreki@blogspot.com,Male,98.161.209.16
740,Alfonse,Mascall,amascallkj@lycos.com,Male,104.89.41.119
741,Hillary,Mitcheson,hmitchesonkk@hexun.com,Female,183.29.249.134
742,Broderic,Godden,bgoddenkl@nifty.com,Male,140.121.40.203
743,Shane,Arents,sarentskm@elpais.com,Female,240.51.78.59
744,Humfrey,Dougal,hdougalkn@photobucket.com,Male,178.138.78.149
745,Aguste,Willshere,awillshereko@nyu.edu,Male,156.243.234.241
746,Rolland,Dulen,rdulenkp@histats.com,Male,108.2.225.73
747,Paulie,Serjeant,pserjeantkq@wisc.edu,Male,117.241.103.109
748,Trueman,Bader,tbaderkr@facebook.com,Male,143.59.5.84
749,Franky,Tough,ftoughks@woothemes.com,Male,7.201.134.124
750,Raphael,Dowdell,rdowdellkt@google.de,Male,112.138.124.63
751,Sebastian,Dumper,sdumperku@godaddy.com,Male,169.200.199.178
752,Cherye,Sissens,csissenskv@newsvine.com,Female,164.246.54.75
753,Ross,Trillow,rtrillowkw@live.com,Male,21.127.210.154
754,Joell,Maase,jmaasekx@networkadvertising.org,Female,158.122.225.228
755,Nerty,Kike,nkikeky@shop-pro.jp,Female,253.189.211.28
756,Prescott,Snedden,psneddenkz@cyberchimps.com,Male,97.18.247.28
757,Woodrow,Dinnage,wdinnagel0@youtube.com,Male,6.99.232.225
758,Carling,Side,csidel1@theatlantic.com,Male,10.102.223.10
759,Rudiger,Tonge,rtongel2@apache.org,Male,106.121.247.31
760,Lorelle,Lucy,llucyl3@upenn.edu,Female,247.4.46.100
761,Gaile,Wilderspoon,gwilderspoonl4@shinystat.com,Male,238.124.1.232
762,Diandra,Peyzer,dpeyzerl5@blinklist.com,Female,146.134.125.57
763,Pincus,Giacopetti,pgiacopettil6@pinterest.com,Male,14.97.47.69
764,Adair,Sacchetti,asacchettil7@lulu.com,Male,21.201.195.198
765,Hadrian,Roughsedge,hroughsedgel8@walmart.com,Male,86.171.98.86
766,Belvia,Abendroth,babendrothl9@umn.edu,Female,153.185.178.199
767,Trever,Anfusso,tanfussola@unesco.org,Male,223.49.97.221
768,Phil,Hanbridge,phanbridgelb@arstechnica.com,Female,101.11.83.150
769,Rebecca,Umpleby,rumplebylc@globo.com,Female,238.244.12.146
770,Eal,Riccetti,ericcettild@dedecms.com,Male,48.163.206.171
771,Barris,Beavis,bbeavisle@netvibes.com,Male,61.122.217.127
772,Clareta,Josefowicz,cjosefowiczlf@amazon.com,Non-binary,71.147.131.50
773,Willdon,Ryle,wrylelg@ustream.tv,Male,84.254.163.132
774,Waite,Hornbuckle,whornbucklelh@parallels.com,Male,21.84.0.245
775,Micky,MacCarter,mmaccarterli@stanford.edu,Male,178.216.37.86
776,Anabal,Insoll,ainsolllj@si.edu,Female,207.219.148.113
777,Rainer,Senechault,rsenechaultlk@canalblog.com,Male,180.65.131.3
778,Kate,Robertot,krobertotll@dmoz.org,Female,231.195.70.26
779,Maribeth,Wasbey,mwasbeylm@boston.com,Female,152.76.20.12
780,Christoforo,Braunlein,cbraunleinln@google.nl,Male,130.254.179.174
781,Benni,Berryman,bberrymanlo@myspace.com,Female,211.206.69.42
782,Olav,Jeandeau,ojeandeaulp@behance.net,Male,118.10.151.185
783,Janeva,Petit,jpetitlq@miitbeian.gov.cn,Female,35.221.80.11
784,Ced,Laborda,clabordalr@prnewswire.com,Male,134.213.144.246
785,Dionysus,Ferrer,dferrerls@youku.com,Male,74.137.114.247
786,Barrie,Moretto,bmorettolt@tiny.cc,Male,215.191.206.80
787,Taddeusz,Skuce,tskucelu@google.fr,Male,57.90.121.75
788,Chico,Bonifant,cbonifantlv@blogtalkradio.com,Male,58.216.223.69
789,Joannes,Braben,jbrabenlw@wikimedia.org,Female,67.92.96.161
790,Weider,Meininking,wmeininkinglx@studiopress.com,Male,247.240.40.236
791,Lucy,Balwin,lbalwinly@sakura.ne.jp,Female,235.124.185.220
792,Gwenette,O'Murtagh,gomurtaghlz@pen.io,Female,165.226.170.195
793,Rozamond,Russan,rrussanm0@hugedomains.com,Female,93.78.218.72
794,Jase,Strangman,jstrangmanm1@patch.com,Male,183.4.196.214
795,Guendolen,Chatto,gchattom2@cnn.com,Female,121.5.222.60
796,Martainn,Sawyer,msawyerm3@wikimedia.org,Male,105.82.109.179
797,Randolf,Flipsen,rflipsenm4@house.gov,Male,124.49.41.184
798,Axel,Chadwick,achadwickm5@myspace.com,Male,32.25.82.185
799,Mora,Gonet,mgonetm6@nih.gov,Female,24.200.239.196
800,Willie,Westmarland,wwestmarlandm7@google.com.au,Female,150.37.78.230
801,Mari,Rama,mramam8@acquirethisname.com,Female,229.154.76.56
802,Melesa,Arnaudi,marnaudim9@infoseek.co.jp,Female,195.235.23.74
803,Joane,Bagenal,jbagenalma@berkeley.edu,Female,2.115.72.234
804,Hakeem,Yellop,hyellopmb@ebay.co.uk,Male,25.223.195.250
805,Jamal,Ashley,jashleymc@reddit.com,Male,218.10.211.65
806,Lindsey,Rickersy,lrickersymd@w3.org,Male,4.249.225.34
807,Irwin,Mebius,imebiusme@mapy.cz,Male,198.66.93.155
808,Charin,Woodwing,cwoodwingmf@dagondesign.com,Female,252.159.195.238
809,Parrnell,Arch,parchmg@npr.org,Agender,206.88.188.158
810,Adelice,De Francesco,adefrancescomh@tamu.edu,Female,246.109.99.106
811,Danell,Osbourn,dosbournmi@fc2.com,Female,137.254.52.106
812,Ernst,Caitlin,ecaitlinmj@oakley.com,Male,159.31.112.122
813,Tiler,Berk,tberkmk@soundcloud.com,Male,17.156.56.122
814,Pincas,Obern,pobernml@mashable.com,Male,46.85.12.33
815,Patrizius,Lacoste,placostemm@goo.ne.jp,Male,116.140.17.189
816,Dunstan,Scirman,dscirmanmn@kickstarter.com,Male,211.198.27.79
817,Burt,Rime,brimemo@phpbb.com,Agender,156.89.103.254
818,Becky,Gravey,bgraveymp@sakura.ne.jp,Female,217.212.118.246
819,Henriette,O'Roan,horoanmq@boston.com,Female,148.184.41.112
820,Nikolos,Tofful,ntoffulmr@de.vu,Male,91.180.102.5
821,Zea,Michie,zmichiems@tamu.edu,Female,236.49.114.22
822,Norri,Campo,ncampomt@apple.com,Female,126.188.79.247
823,Izak,Langfield,ilangfieldmu@seesaa.net,Male,242.32.67.229
824,Fraze,Nanni,fnannimv@paginegialle.it,Male,254.59.105.28
825,Antin,Gidney,agidneymw@nba.com,Agender,60.178.210.136
826,Arthur,Mellonby,amellonbymx@networksolutions.com,Male,41.159.2.147
827,Michel,McGann,mmcgannmy@tmall.com,Female,8.98.225.108
828,Maurise,Sutherns,msuthernsmz@a8.net,Male,124.204.178.48
829,Binny,Tyson,btysonn0@shutterfly.com,Polygender,186.154.32.237
830,Allyn,Venney,avenneyn1@mapy.cz,Non-binary,151.115.113.108
831,Raphaela,Chuney,rchuneyn2@ihg.com,Female,158.197.17.234
832,Vere,Wight,vwightn3@umich.edu,Female,129.251.211.82
833,Prudence,Sleeny,psleenyn4@studiopress.com,Female,86.199.229.98
834,Luke,Oldcroft,loldcroftn5@narod.ru,Male,130.70.157.17
835,Ogdon,Morbey,omorbeyn6@blogs.com,Male,141.47.198.63
836,Ebony,Royden,eroydenn7@ox.ac.uk,Female,249.106.89.144
837,Tandie,Constance,tconstancen8@dmoz.org,Female,162.129.19.73
838,Shurwood,Cope,scopen9@dmoz.org,Male,11.90.97.246
839,Kipp,Wilkennson,kwilkennsonna@smugmug.com,Female,150.93.242.117
840,Riccardo,Llopis,rllopisnb@unesco.org,Male,121.168.190.239
841,Thomasin,Mostin,tmostinnc@cnet.com,Female,133.247.169.136
842,Stormy,Windous,swindousnd@netlog.com,Bigender,217.214.236.133
843,Junie,Cornford,jcornfordne@answers.com,Female,17.117.233.79
844,Alberik,Kasbye,akasbyenf@list-manage.com,Male,146.88.238.213
845,Maud,Berecloth,mbereclothng@over-blog.com,Female,209.253.161.103
846,Maurice,Vaun,mvaunnh@geocities.com,Male,195.48.96.148
847,Gustie,Brennand,gbrennandni@geocities.jp,Female,48.214.216.154
848,Earl,Grisard,egrisardnj@businessinsider.com,Male,24.205.27.40
849,Rochella,Witcherley,rwitcherleynk@ucla.edu,Female,149.42.111.56
850,Waylin,Joliffe,wjoliffenl@prlog.org,Male,55.140.166.86
851,Tome,Argabrite,targabritenm@issuu.com,Male,6.41.220.154
852,Diego,D'Cruze,ddcruzenn@yandex.ru,Male,220.167.199.119
853,Elene,Cavan,ecavanno@hhs.gov,Female,107.247.253.192
854,Stephannie,Blanket,sblanketnp@wired.com,Female,38.33.42.201
855,Deane,Eayrs,deayrsnq@chron.com,Male,214.5.202.151
856,Maye,Norton,mnortonnr@hhs.gov,Female,110.239.116.138
857,Madalena,Crinidge,mcrinidgens@hhs.gov,Female,58.3.238.141
858,Chrissie,Veld,cveldnt@google.ru,Male,137.76.91.5
859,Noland,Salway,nsalwaynu@indiegogo.com,Bigender,100.242.12.178
860,Lauri,Llop,lllopnv@uiuc.edu,Female,250.139.48.178
861,Gratia,Skells,gskellsnw@topsy.com,Female,235.50.178.124
862,Esteban,Paulino,epaulinonx@bbc.co.uk,Male,195.45.90.68
863,Reinald,Risby,rrisbyny@tripod.com,Male,103.221.90.216
864,Luisa,Ubsdell,lubsdellnz@feedburner.com,Female,130.51.82.210
865,Layton,Gilcriest,lgilcriesto0@sbwire.com,Male,193.254.107.206
866,Ninette,Drew-Clifton,ndrewcliftono1@gnu.org,Female,143.90.51.249
867,Tan,Eburah,teburaho2@tripod.com,Agender,203.237.174.49
868,Kenon,Collyer,kcollyero3@oaic.gov.au,Male,53.240.188.48
869,Eda,Halms,ehalmso4@hatena.ne.jp,Female,15.40.254.176
870,Ilyssa,Shippard,ishippardo5@people.com.cn,Female,96.121.25.54
871,Orin,Sircomb,osircombo6@si.edu,Male,180.208.22.195
872,Nannette,Sherebrooke,nsherebrookeo7@ihg.com,Female,113.211.119.109
873,Nissy,Leith,nleitho8@eventbrite.com,Female,101.68.196.11
874,Renado,Mylan,rmylano9@cbsnews.com,Polygender,81.97.156.65
875,Shir,Mowling,smowlingoa@altervista.org,Female,125.53.13.142
876,Jeanna,Tamblyn,jtamblynob@businesswire.com,Female,72.111.83.65
877,Ravi,Brearton,rbreartonoc@ca.gov,Genderqueer,23.123.182.147
878,Phillipe,Andreix,pandreixod@1und1.de,Male,203.77.75.182
879,Gerti,Evett,gevettoe@bbb.org,Female,97.154.56.128
880,Hewett,Wloch,hwlochof@weebly.com,Genderfluid,172.15.151.122
881,Ulick,Carville,ucarvilleog@live.com,Male,112.198.46.176
882,Arri,Eykelbosch,aeykelboschoh@bbb.org,Male,85.87.160.223
883,Wayland,Robrow,wrobrowoi@biglobe.ne.jp,Male,80.237.47.21
884,Katlin,Brameld,kbrameldoj@oakley.com,Female,230.77.213.146
885,Devlen,Feenan,dfeenanok@scribd.com,Male,142.136.197.96
886,Elton,Digges,ediggesol@examiner.com,Male,114.245.209.123
887,Dunstan,Ditchfield,dditchfieldom@4shared.com,Male,249.111.204.62
888,Amelita,Hesse,ahesseon@goodreads.com,Female,181.74.50.135
889,Huntley,Pennings,hpenningsoo@freewebs.com,Male,146.54.178.8
890,Ammamaria,Djordjevic,adjordjevicop@wordpress.com,Female,210.73.236.207
891,Bunnie,Dabner,bdabneroq@nih.gov,Female,165.179.123.53
892,Mora,Bolstridge,mbolstridgeor@oracle.com,Female,39.56.195.191
893,Mariska,Aitchison,maitchisonos@ox.ac.uk,Female,246.138.64.45
894,Leonerd,Aindrais,laindraisot@senate.gov,Male,43.4.158.80
895,Carmel,Kohrding,ckohrdingou@psu.edu,Female,0.130.209.55
896,Hamid,Scoggan,hscogganov@chron.com,Male,169.17.210.189
897,Janaye,Weatherby,jweatherbyow@dyndns.org,Female,81.221.10.115
898,Cal,Issacson,cissacsonox@naver.com,Female,90.181.244.30
899,Waring,Medcalf,wmedcalfoy@istockphoto.com,Male,44.98.102.219
900,Cletis,Poulney,cpoulneyoz@mozilla.org,Male,45.184.9.4
901,Carmen,Brittian,cbrittianp0@edublogs.org,Female,11.13.172.39
902,Thornie,Rozea,trozeap1@yolasite.com,Male,223.134.82.112
903,Casi,Wimms,cwimmsp2@php.net,Female,16.183.81.123
904,Robinet,Hoxey,rhoxeyp3@youku.com,Female,14.10.137.185
905,Carson,Scollick,cscollickp4@is.gd,Male,149.242.64.44
906,Leshia,Farnworth,lfarnworthp5@kickstarter.com,Female,200.166.36.181
907,Kincaid,Gawn,kgawnp6@networkadvertising.org,Male,188.21.117.226
908,Erastus,MacCostigan,emaccostiganp7@ucsd.edu,Male,142.226.115.23
909,Greta,Geekin,ggeekinp8@arizona.edu,Female,94.93.1.124
910,Faber,Ivanyushin,fivanyushinp9@usgs.gov,Genderfluid,135.91.203.205
911,Tricia,Byars,tbyarspa@gov.uk,Female,24.17.179.104
912,Marti,Haggie,mhaggiepb@wunderground.com,Female,71.157.158.62
913,Duncan,Battyll,dbattyllpc@free.fr,Male,43.63.90.1
914,Wilhelmine,Bedinn,wbedinnpd@twitter.com,Female,36.166.194.178
915,Jaynell,Phorsby,jphorsbype@seesaa.net,Female,220.113.38.48
916,Eugenia,Cordingly,ecordinglypf@myspace.com,Female,78.80.28.84
917,Jamie,Eberst,jeberstpg@sciencedaily.com,Polygender,167.46.129.210
918,Farra,Flement,fflementph@bing.com,Female,190.23.1.124
919,Charley,Guiness,cguinesspi@boston.com,Male,41.231.15.87
920,Susan,Crompton,scromptonpj@smugmug.com,Female,61.195.3.157
921,Dalenna,Tapsfield,dtapsfieldpk@house.gov,Female,109.254.248.251
922,Frants,Nolton,fnoltonpl@elpais.com,Male,120.96.230.252
923,Dore,Readwood,dreadwoodpm@soundcloud.com,Male,46.144.18.225
924,Daryl,Woolstenholmes,dwoolstenholmespn@bbb.org,Female,244.98.183.193
925,Adrian,Shrimpling,ashrimplingpo@chron.com,Male,146.128.173.61
926,Ezequiel,Hasard,ehasardpp@qq.com,Agender,60.64.96.225
927,Marla,Swallow,mswallowpq@pagesperso-orange.fr,Female,67.118.252.32
928,Kelvin,Colpus,kcolpuspr@devhub.com,Agender,61.181.65.84
929,Doretta,Hennington,dhenningtonps@hud.gov,Female,224.38.180.112
930,Jordain,Dubique,jdubiquept@illinois.edu,Agender,111.252.69.93
931,Carleton,McGannon,cmcgannonpu@psu.edu,Male,127.246.156.65
932,Eadith,Mains,emainspv@google.co.jp,Female,172.47.41.102
933,Cristal,Evins,cevinspw@weibo.com,Female,44.80.91.231
934,Sibbie,Bugg,sbuggpx@dailymail.co.uk,Female,202.187.91.123
935,Paten,Worthy,pworthypy@dell.com,Male,95.240.167.218
936,Dory,Burnhams,dburnhamspz@aboutads.info,Female,113.200.228.99
937,Collen,Easman,ceasmanq0@myspace.com,Female,190.36.77.183
938,Reta,Vondrak,rvondrakq1@wufoo.com,Female,61.48.49.213
939,Zorine,Baston,zbastonq2@fotki.com,Female,112.240.249.114
940,Pavia,Nosworthy,pnosworthyq3@illinois.edu,Female,162.219.102.54
941,Zarla,O'Brien,zobrienq4@elpais.com,Female,130.156.4.239
942,Rafa,Bonnyson,rbonnysonq5@odnoklassniki.ru,Female,212.216.94.252
943,Estrella,Aitcheson,eaitchesonq6@nature.com,Female,33.78.115.197
944,Archambault,Hame,ahameq7@deliciousdays.com,Male,228.251.119.189
945,Galven,Fairholme,gfairholmeq8@state.gov,Male,76.212.185.14
946,Finlay,Grolle,fgrolleq9@walmart.com,Male,221.184.231.236
947,Kurtis,Gummow,kgummowqa@sciencedaily.com,Polygender,244.227.224.91
948,Terrye,Carrabott,tcarrabottqb@google.fr,Female,154.92.3.145
949,Cross,Sparks,csparksqc@kickstarter.com,Male,39.179.28.4
950,Sabina,Kures,skuresqd@de.vu,Female,91.72.201.112
951,Louisette,Moulton,lmoultonqe@github.com,Female,175.157.196.245
952,Antony,Waterstone,awaterstoneqf@blogger.com,Polygender,160.69.133.58
953,Mannie,Phillimore,mphillimoreqg@hao123.com,Male,176.179.252.215
954,Zackariah,Bend,zbendqh@nature.com,Male,61.222.202.221
955,Edee,Senyard,esenyardqi@google.fr,Female,143.238.236.84
956,Valaria,Pooke,vpookeqj@prweb.com,Female,186.52.32.156
957,Derwin,Bloxland,dbloxlandqk@netscape.com,Male,241.159.40.232
958,Isadora,Dutch,idutchql@foxnews.com,Female,148.17.37.170
959,Quillan,Bernhardi,qbernhardiqm@t.co,Male,192.33.71.233
960,Luca,Gibbin,lgibbinqn@cbsnews.com,Male,199.117.190.249
961,Zachary,Kenna,zkennaqo@instagram.com,Male,70.109.150.224
962,Rubie,Gorwood,rgorwoodqp@tripod.com,Female,153.28.130.127
963,Bearnard,Pochet,bpochetqq@sfgate.com,Male,33.102.3.141
964,Leisha,Coxhead,lcoxheadqr@ezinearticles.com,Female,34.241.100.56
965,Aubrey,Georgescu,ageorgescuqs@craigslist.org,Female,245.20.213.212
966,Jeno,Armistead,jarmisteadqt@desdev.cn,Male,43.141.208.165
967,Hunfredo,Ormes,hormesqu@delicious.com,Male,13.148.251.88
968,Simona,Holleworth,sholleworthqv@wordpress.org,Female,127.187.87.214
969,Barron,Chessum,bchessumqw@state.gov,Male,13.44.130.199
970,Tracy,Piletic,tpileticqx@reverbnation.com,Male,136.61.140.194
971,Grannie,Crapper,gcrapperqy@cocolog-nifty.com,Male,153.150.36.13
972,Dion,Spedding,dspeddingqz@jiathis.com,Female,45.3.62.33
973,Lesya,Anan,lananr0@ca.gov,Female,139.186.177.224
974,Rustin,Sewards,rsewardsr1@bigcartel.com,Male,78.193.7.29
975,Courtnay,Yalden,cyaldenr2@wikia.com,Male,125.22.253.91
976,Velvet,Baroch,vbarochr3@ning.com,Female,175.147.105.225
977,Allayne,Cantor,acantorr4@qq.com,Male,79.44.207.206
978,Derby,Frays,dfraysr5@pagesperso-orange.fr,Male,211.239.251.153
979,Andris,Edmands,aedmandsr6@omniture.com,Bigender,113.140.59.229
980,Mozelle,Harbar,mharbarr7@tmall.com,Female,223.123.76.90
981,Else,Brotherick,ebrotherickr8@ocn.ne.jp,Genderqueer,212.38.252.141
982,Diane-marie,Truckett,dtruckettr9@uiuc.edu,Female,7.192.191.219
983,Benedicta,Farney,bfarneyra@taobao.com,Female,203.190.20.205
984,Katinka,Stapylton,kstapyltonrb@nbcnews.com,Agender,78.77.168.31
985,Minda,Readie,mreadierc@time.com,Female,207.5.151.14
986,Tricia,Beers,tbeersrd@reference.com,Agender,211.233.101.248
987,Timothea,Fowls,tfowlsre@sourceforge.net,Female,62.28.3.213
988,Vinny,Heardman,vheardmanrf@friendfeed.com,Female,36.154.23.148
989,Donella,Waddie,dwaddierg@cloudflare.com,Female,6.87.58.163
990,Lauryn,Vasyutin,lvasyutinrh@ezinearticles.com,Female,174.80.0.35
991,Chrissy,Bronot,cbronotri@fastcompany.com,Male,3.3.104.224
992,Webb,Halladay,whalladayrj@omniture.com,Male,21.247.210.173
993,Una,Paynton,upayntonrk@livejournal.com,Female,148.171.20.150
994,Charley,Wyley,cwyleyrl@businessinsider.com,Male,170.134.145.190
995,Marguerite,Wenban,mwenbanrm@netlog.com,Female,45.36.107.156
996,Gabbey,Quye,gquyern@engadget.com,Female,53.105.153.213
997,Ramon,Feathersby,rfeathersbyro@paginegialle.it,Male,245.72.246.103
998,Vivyanne,Plumbridge,vplumbridgerp@state.tx.us,Genderqueer,47.30.33.125
999,Brenn,McCluney,bmccluneyrq@admin.ch,Female,135.183.83.201
1000,Shurwood,Daft,sdaftrr@go.com,Male,241.23.188.63
